Decoded IP,Port,Raw Hex ID
138.157.7.60,,8a9d073c
138.192.183.255,,8ac0b7ff
138.24.149.15,443.0,8a18950f
140.152.165.177,,8C98A5B1
140.152.192.43,,8c98c02b
140.202.22.214,443.0,8cca16d6
199.116.187.195,443.0,c774bbc3
199.116.30.65,,c7741e41
199.125.157.69,443.0,c77d9d45
199.183.30.117,,c7b71e75
199.246.9.145,,c7f60991
199.253.140.4,443.0,c7fd8c04
21.101.84.186,,156554ba
21.133.234.185,443.0,1585eab9
21.173.194.51,,15adc233
21.173.194.60,443.0,15adc23c
21.87.125.223,,15577ddf
22.105.40.56,443.0,16692838
22.136.190.197,,1688Bec5
22.136.244.184,,1688f4b8
22.14.95.166,443.0,160e5fa6
22.24.25.66,42.0,16181942
22.247.183.59,,16f7b73b
22.36.141.41,42.0,16248d29
22.85.90.157,,16555a9d
26.121.218.204,,1a79dacc
26.148.182.36,,1a94b624
26.155.27.131,443.0,1a9b1b83
26.156.63.157,,1a9c3f9d
26.169.224.91,,1aa9e05b
26.186.140.180,,1aba8cb4
26.189.131.21,,1abd8315
26.224.205.113,,1ae0cd71
26.48.21.207,,1a3015cf
26.68.226.214,993.0,1a44e2d6
26.87.168.18,5223.0,1a57a812
28.1.126.158,443.0,1c017e9e
28.149.161.80,443.0,1c95a150
28.16.57.167,,1c1039a7
28.163.76.59,,1CA34C3B
28.164.72.214,,1ca448d6
28.171.109.39,443.0,1cab6d27
28.252.30.119,,1cfc1e77
28.59.119.27,,1c3b771b
29.158.5.228,42.0,1d9e05e4
29.167.238.36,,1da7ee24
29.17.146.197,,1d1192c5
29.17.231.233,443.0,1d11e7e9
29.177.24.234,443.0,1db118ea
29.64.154.143,443.0,1d409a8f
30.122.225.24,,1e7ae118
30.142.47.195,443.0,1e8e2fc3
30.142.47.207,,1e8e2fcF
30.15.71.103,,1e0f4767
30.189.198.24,443.0,1ebdc618
30.26.127.16,443.0,1e1a7f10
102.204.208.134,443.0,66ccd086
29.243.15.223,,1df30fdf
217.200.14.188,443.0,d9c80ebc
89.179.128.195,443.0,59b380c3
1.101.252.74,,0165fc4a
1.161.86.123,,01a1567b
1.7.70.105,,01074669
1.80.160.130,,0150A082
100.110.86.232,,646e56e8
100.125.88.189,,647d58bd
100.127.39.115,443.0,647f2773
100.14.133.223,,640e85df
100.185.92.51,,64b95c33
100.212.134.198,443.0,64d486c6
100.227.47.242,,64e32ff2
100.42.80.146,,642a5092
100.7.65.53,,64074135
101.100.106.253,,65646afd
101.146.159.249,,65929ff9
101.201.133.186,443.0,65c985ba
101.55.27.38,,65371b26
101.56.16.43,443.0,6538102b
102.127.154.235,,667f9aeb
102.141.74.155,,668d4a9b
102.154.61.173,,669a3dad
102.174.19.22,,66ae1316
102.210.238.94,,66d2ee5e
102.47.41.54,,662f2936
103.132.128.225,,678480e1
103.164.239.62,,67a4ef3e
103.18.108.201,443.0,67126cc9
103.192.61.45,,67c03d2d
103.213.182.251,,67d5b6fb
103.228.142.102,,67e48e66
103.25.185.222,443.0,6719b9de
103.30.242.130,,671ef282
103.39.204.204,,6727cccc
103.71.218.41,,6747da29
103.86.210.100,443.0,6756d264
104.141.147.91,,688d935b
104.207.108.99,,68cf6c63
104.254.227.76,,68fee34c
104.29.176.238,42.0,681db0ee
105.168.53.128,,69a83580
105.175.139.8,443.0,69af8b08
105.243.145.185,8.0,69f391b9
105.27.238.21,0.0,691bee15
105.40.21.153,,69281599
106.155.215.128,,6a9bd780
106.165.142.241,,6aa58ef1
106.207.217.245,,6acfd9f5
106.21.179.228,443.0,6a15b3e4
106.233.85.152,,6ae95598
107.171.97.147,,6bab6193
107.173.135.114,,6BAD8772
107.240.85.123,,6BF0557B
108.130.24.202,,6c8218ca
108.141.41.204,,6c8d29cc
108.171.190.132,,6cabbe84
108.203.126.59,,6ccb7e3b
108.226.151.88,443.0,6ce29758
108.36.99.188,443.0,6c2463bc
109.13.221.13,443.0,6d0ddd0d
109.16.230.21,443.0,6d10e615
109.185.56.3,,6db93803
109.223.137.146,,6ddf8992
11.183.137.40,,0bb78928
11.198.77.32,,0bc64d20
11.236.40.100,443.0,0bec2864
11.242.38.84,,0bf22654
11.50.58.143,443.0,0b323a8f
11.95.233.218,,0b5fe9da
110.138.113.11,80.0,6e8a710b
110.17.99.70,,6e116346
110.200.11.115,443.0,6ec80b73
110.31.15.133,,6e1f0f85
110.52.189.30,,6e34bd1e
110.60.78.14,,6e3c4e0e
111.108.56.176,,6f6c38b0
111.11.102.228,443.0,6f0b66e4
111.11.211.75,,6f0bd34b
111.11.211.78,443.0,6f0bd34e
111.172.20.83,,6fac1453
111.204.254.40,443.0,6fccfe28
111.214.74.70,,6fd64a46
111.81.178.212,,6F51B2D4
111.90.45.124,,6f5a2d7c
112.147.186.245,80.0,7093baf5
112.162.205.105,,70a2cd69
112.186.131.82,42.0,70ba8352
112.200.100.237,0.0,70c864ed
112.216.127.40,,70d87f28
112.229.45.178,443.0,70e52db2
112.47.11.77,443.0,702f0b4d
112.63.129.74,,703f814a
112.64.202.118,,7040ca76
112.84.89.139,,7054598b
113.148.97.206,,719461ce
113.182.99.132,,71b66384
113.21.160.166,443.0,7115a0a6
113.217.176.92,,71d9b05c
113.243.4.159,,71f3049f
113.254.98.89,,71fe6259
113.34.48.215,443.0,712230d7
113.38.32.101,,71262065
113.54.150.217,,713696d9
113.92.64.62,443.0,715c403e
114.101.144.245,522.0,726590f5
114.106.132.187,,726a84bb
114.125.251.47,,727dfb2f
114.163.5.77,443.0,72a3054d
114.198.197.33,,72c6c521
114.217.157.186,443.0,72d99dba
114.253.241.217,,72fdf1d9
114.255.81.127,,72ff517f
115.129.162.250,443.0,7381a2fa
115.168.208.192,,73a8d0c0
115.192.157.11,,73c09d0b
115.47.120.84,,732f7854
115.63.176.86,,733fb056
116.120.160.29,,7478a01d
116.134.193.33,,7486c121
116.152.107.175,443.0,74986baf
116.186.169.97,,74baa961
116.241.6.145,,74f10691
116.79.200.0,,744fc800
116.81.114.3,,74517203
117.16.148.119,,75109477
117.211.125.154,,75d37d9a
117.233.104.105,,75e96869
117.71.123.235,,75477beb
117.81.243.224,,7551f3e0
117.98.97.50,443.0,75626132
118.12.231.179,,760ce7b3
118.121.112.22,,76797016
118.249.56.162,,76f938a2
118.56.210.94,,7638d25e
118.64.202.80,,7640ca50
118.97.64.128,853.0,76614080
119.108.93.189,443.0,776c5dbd
119.125.178.71,,777db247
119.127.208.243,443.0,777fd0f3
119.148.205.169,,7794cda9
119.170.243.255,443.0,77aaf3ff
119.218.143.127,443.0,77da8f7f
119.219.17.133,,77db1185
119.97.12.116,,77610c74
12.149.77.159,,0c954d9f
12.193.175.130,,0cc1af82
12.211.112.82,,0cd37052
12.218.203.215,,0cdacbd7
12.245.72.76,443.0,0cf5484c
12.39.145.162,,0c2791a2
12.41.145.24,,0c299118
12.74.144.72,,0c4a9048
12.82.145.176,,0c5291b0
120.106.70.61,,786a463d
120.116.39.224,443.0,787427e0
120.12.237.152,,780ced98
120.126.49.166,,787e31a6
120.250.127.223,,78fa7fdf
120.252.159.39,,78fc9f27
120.34.58.182,,78223ab6
120.71.8.127,,7847087f
121.141.195.180,,798dc3b4
121.162.176.78,,79a2b04e
121.188.182.228,,79bcb6e4
121.192.129.244,443.0,79c081f4
121.245.123.17,443.0,79f57b11
121.7.88.180,,790758b4
121.7.88.184,,790758b8
121.7.88.187,,790758bb
121.80.242.120,,7950f278
121.80.242.126,,7950f27e
121.86.45.242,,79562df2
121.95.31.14,,795f1f0e
122.210.5.92,,7ad2055c
122.225.157.14,,7ae19d0e
122.232.72.27,443.0,7ae8481b
122.236.240.161,443.0,7aecf0a1
122.236.240.166,,7aecf0a6
122.4.126.93,,7a047e5d
122.4.75.35,,7a044b23
123.126.242.25,,7b7ef219
123.147.64.145,,7b934091
123.162.102.93,,7ba2665d
123.21.227.125,,7b15e37d
123.220.241.52,,7bdcf134
123.241.223.44,,7bf1df2c
123.254.7.6,,7bfe0706
123.4.99.77,,7b04634d
124.100.224.184,,7c64e0b8
124.155.241.107,,7c9bf16b
124.198.158.146,,7cc69e92
124.208.60.34,,7cd03c22
125.10.185.84,,7d0ab954
125.147.220.18,443.0,7d93dc12
125.28.160.131,443.0,7d1ca083
126.144.153.5,443.0,7e909905
126.154.188.103,,7e9abc67
126.226.124.193,443.0,7ee27cc1
126.28.49.213,,7e1c31d5
126.54.115.238,,7e3673ee
126.87.91.42,,7e575b2a
128.19.165.17,443.0,8013a511
128.53.146.75,,8035924b
128.94.245.34,443.0,805ef522
129.166.238.250,,81a6eefa
129.176.168.133,,81b0a885
129.237.206.104,443.0,81edce68
129.77.248.200,,814df8c8
13.106.54.163,,0d6a36a3
13.111.179.186,,0d6fb3ba
13.155.126.29,,0d9b7e1d
13.190.29.129,,0dbe1d81
13.25.120.201,,0d1978c9
13.250.202.169,,0dfacaa9
13.255.103.79,,0dff674f
13.38.206.202,,0d26ceca
13.90.85.150,,0d5a5596
130.141.52.229,443.0,828d34e5
130.146.217.208,,8292d9d0
130.198.128.37,,82c68025
130.33.223.107,443.0,8221df6b
130.40.96.213,443.0,822860d5
130.82.205.35,,8252cd23
131.142.112.44,,838e702c
131.143.233.215,,838fe9d7
131.150.39.236,,839627ec
131.152.10.65,443.0,83980a41
131.199.97.181,443.0,83c761b5
131.218.135.46,443.0,83da872e
131.224.152.102,,83e09866
131.230.124.9,,83e67c09
131.38.124.222,443.0,83267cde
132.13.243.33,,840df321
132.131.161.191,,8483a1bf
132.144.66.49,443.0,84904231
132.148.15.178,,84940fb2
132.169.197.153,,84a9c599
132.221.168.1,,84dda801
132.253.81.67,,84fd5143
132.40.86.2,,84285602
133.141.179.33,,858db321
133.147.163.154,,8593a39a
133.152.195.0,443.0,8598c300
133.209.111.51,,85d16f33
133.217.24.105,,85d91869
133.241.192.32,,85f1c020
133.93.15.55,443.0,855d0f37
134.114.128.110,443.0,8672806e
134.227.151.237,,86e397ed
134.248.33.243,,86f821f3
134.52.140.145,443.0,86348c91
134.53.94.241,,86355ef1
135.117.218.40,44.0,8775da28
135.119.152.195,,877798c3
135.152.249.14,,8798f90e
135.161.62.42,,87a13e2a
135.219.39.75,4.0,87db274b
135.37.195.66,,8725c342
135.46.112.148,,872e7094
136.15.98.126,,880f627e
136.166.175.228,,88a6afe4
136.244.42.52,,88f42a34
136.91.58.164,,885b3aa4
137.109.243.100,,896df364
137.226.173.40,,89e2ad28
137.94.91.4,,895e5b04
139.103.148.31,443.0,8b67941f
139.113.30.2,443.0,8b711e02
139.155.36.236,,8b9b24ec
139.238.17.58,,8bee113a
139.49.55.75,,8b31374b
139.91.60.237,,8b5b3ced
14.173.213.236,,0eadd5ec
14.226.154.253,,0ee29afd
14.229.41.12,443.0,0ee5290c
14.42.0.117,,0e2a0075
14.91.151.152,,0e5b9798
141.133.27.175,,8d851baf
141.17.73.190,,8d1149be
141.174.128.89,,8dae8059
141.175.212.64,44.0,8dafd440
141.212.59.22,,8dd43b16
141.221.200.239,,8dddc8ef
141.221.26.32,,8ddd1a20
141.221.26.42,,8ddd1a2A
141.63.201.127,80.0,8d3fc97f
142.105.243.219,,8e69f3db
142.11.73.100,,8e0b4964
142.218.108.153,,8eda6c99
142.226.75.229,,8ee24be5
142.228.159.165,,8EE49FA5
142.96.46.125,,8e602e7d
143.120.7.164,,8f7807a4
143.124.224.180,,8f7ce0b4
143.173.131.182,,8fad83b6
143.192.57.118,,8fc03976
143.240.100.121,,8ff06479
143.31.143.117,,8f1f8f75
143.40.211.130,443.0,8f28d382
143.54.189.55,0.0,8f36bd37
143.89.122.121,,8f597a79
143.94.42.141,,8f5e2a8d
144.113.203.199,,9071cbc7
144.15.68.221,42.0,900f44dd
144.18.164.80,,9012a450
144.211.215.32,,90d3d720
144.68.220.167,,9044dca7
145.105.242.28,,9169f21c
145.159.112.46,443.0,919f702e
145.254.165.162,,91fea5a2
145.53.35.16,,91352310
145.75.225.30,,914be11e
146.126.254.137,,927efe89
146.177.253.98,,92b1fd62
146.195.203.180,,92c3cbb4
146.198.151.36,443.0,92c69724
146.255.128.177,,92ff80b1
147.112.102.10,,9370660A
147.164.215.75,443.0,93a4d74b
147.171.246.208,,93abf6d0
147.185.102.179,,93b966b3
147.235.132.215,443.0,93eb84d7
147.27.156.223,443.0,931b9cdf
147.44.121.177,,932c79b1
147.59.222.158,,933bde9e
147.69.170.40,,9345aa28
147.99.73.151,,93634997
148.140.115.167,2.0,948c73a7
148.140.115.175,,948c73af
148.158.71.99,,949e4763
148.182.191.198,443.0,94b6bfc6
148.19.251.225,,9413fbe1
148.224.132.155,,94e0849b
148.229.242.249,443.0,94e5f2f9
148.245.6.221,,94f506dd
148.26.253.132,,941afd84
148.41.98.204,443.0,942962cc
149.109.15.160,443.0,956d0fa0
149.141.221.175,,958dddaf
149.150.36.175,443.0,959624af
149.167.30.44,443.0,95a71e2c
149.182.92.75,,95b65c4b
149.184.5.32,,95b80520
149.238.26.18,,95ee1a12
15.101.49.176,,0f6531b0
15.121.212.194,,0f79d4c2
15.134.193.21,443.0,0f86c115
15.179.99.125,443.0,0fb3637d
15.202.39.198,,0fca27c6
15.250.135.221,,0ffa87dd
15.86.119.69,,0f567745
150.0.152.51,443.0,96009833
150.105.164.15,,9669a40f
150.108.225.154,,966ce19a
150.117.241.139,,9675f18b
150.118.10.71,443.0,96760a47
150.19.241.103,443.0,9613f167
150.23.132.168,,961784a8
150.5.116.205,,960574cd
150.73.95.114,443.0,96495f72
151.102.58.251,,97663afb
151.117.132.14,,9775840e
151.132.58.111,,97843a6f
151.157.146.62,,979d923e
151.177.185.249,,97b1b9f9
151.20.0.198,,971400c6
151.27.244.37,,971bf425
151.3.108.57,,97036c39
151.30.125.111,,971e7d6f
152.108.148.14,,986c940e
152.117.197.254,,9875c5fe
152.14.143.61,,980e8f3d
152.217.183.75,,98d9b74b
152.28.66.114,,981c4272
152.4.180.189,,9804b4bd
153.148.28.224,,99941ce0
153.153.88.240,,999958f0
153.158.226.115,,999EE273
153.247.97.62,,99f7613e
153.28.236.121,,991cec79
153.32.225.14,443.0,9920e10e
153.53.201.222,443.0,9935c9de
153.60.76.138,,993c4c8a
154.119.89.187,,9a7759bb
154.146.167.172,443.0,9a92a7ac
154.222.199.81,,9adec751
154.230.21.30,,9ae6151e
154.64.72.150,443.0,9a404896
155.113.136.64,53.0,9b718840
155.124.222.128,,9b7cde80
155.124.64.65,,9b7c4041
155.207.135.62,,9bcf873e
155.253.115.59,443.0,9bfd733b
156.115.101.198,,9c7365c6
156.20.198.106,,9c14c66a
156.204.3.149,,9ccc0395
156.254.99.137,42.0,9cfe6389
156.39.195.158,,9c27c39e
156.63.171.34,,9c3fab22
156.94.86.129,,9c5e5681
157.100.84.231,,9d6454e7
157.158.231.124,,9d9ee77c
157.190.83.87,,9dbe5357
157.206.94.1,443.0,9dce5e01
157.56.169.229,443.0,9d38a9e5
158.13.243.178,,9e0df3b2
158.97.45.126,,9e612d7e
159.109.28.15,443.0,9f6d1c0f
159.112.114.215,443.0,9f7072d7
159.127.249.115,,9f7ff973
159.136.196.243,,9F88C4F3
159.158.78.171,,9f9e4eab
159.173.183.153,,9fadb799
159.210.136.53,,9fd28835
159.71.101.230,,9f4765e6
159.72.64.156,,9f48409c
16.121.121.12,,1079790c
16.171.111.5,443.0,10ab6f05
16.188.57.221,,10bc39dd
16.255.29.45,,10ff1d2d
16.37.239.228,,1025efe4
16.41.87.167,,102957a7
160.130.90.82,,a0825a52
160.139.105.158,,a08b699e
160.150.225.228,,a096e1e4
160.161.243.158,,a0a1f39e
160.176.222.192,443.0,a0b0dec0
160.177.48.148,,a0b13094
160.235.53.218,,a0eb35da
160.240.24.21,,a0f01815
160.28.178.141,,a01cb28d
161.146.72.18,,a1924812
161.189.129.148,,a1bd8194
161.2.206.111,443.0,a102ce6f
161.25.192.66,,a119c042
161.55.250.244,,a137faf4
162.131.111.114,,a2836f72
162.180.107.86,42.0,a2b46b56
162.58.84.230,443.0,a23a54e6
162.62.3.125,,a23e037d
163.139.35.130,,a38b2382
163.139.35.141,443.0,a38b238d
163.154.136.166,443.0,a39a88a6
163.157.82.30,,a39d521e
163.228.91.43,,a3e45b2b
163.228.91.46,,a3e45b2E
163.39.157.89,,a3279d59
163.60.215.52,,a33cd734
163.74.202.245,,a34acaf5
163.89.174.49,,a359ae31
164.100.5.45,,a464052d
164.114.91.192,,a4725bc0
164.126.75.3,443.0,a47e4b03
164.158.244.151,,a49ef497
164.162.135.171,,a4a287ab
164.241.127.40,,a4f17f28
164.35.131.158,,a423839e
164.81.34.81,,a4512251
164.83.74.153,443.0,a4534a99
165.110.154.23,443.0,a56e9a17
165.117.208.6,,a575d006
165.199.216.55,,a5c7d837
165.215.18.242,443.0,a5d712f2
165.81.21.43,0.0,a551152b
165.84.136.215,,a55488d7
166.146.71.168,,a69247a8
167.0.207.65,,a700cf41
167.116.202.74,,a774ca4a
167.15.243.245,,a70ff3f5
167.150.221.56,,a796dd38
167.200.240.216,,a7c8f0d8
167.205.86.1,,a7cd5601
167.23.40.169,443.0,a71728a9
167.241.237.173,42.0,a7f1edad
167.49.132.96,,a7318460
167.9.244.31,443.0,a709f41f
168.107.83.186,443.0,a86b53ba
168.117.236.50,,a875ec32
168.126.121.196,443.0,a87e79c4
168.133.203.179,,a885cbb3
168.14.12.55,,a80e0c37
168.160.62.123,,a8a03e7b
168.230.176.210,443.0,a8e6b0d2
168.37.245.202,443.0,a825f5ca
168.66.187.210,,a842bbd2
168.78.168.235,,a84ea8eb
169.127.152.70,,a97f9846
169.150.114.232,443.0,a99672e8
169.247.23.18,443.0,a9f71712
169.4.28.198,,a9041cc6
169.89.241.163,443.0,a959f1a3
17.129.242.105,443.0,1181f269
17.180.66.165,,11b442a5
17.95.55.144,443.0,115f3790
17.95.55.148,,115f3794
170.126.9.192,,aa7e09c0
170.14.246.173,443.0,aa0ef6ad
170.187.63.60,,aabb3f3c
170.236.84.80,8.0,aaec5450
170.68.7.196,443.0,aa4407c4
170.74.77.45,,AA4A4D2D
171.137.235.84,,ab89eb54
171.147.138.225,,ab938ae1
171.189.39.61,,abbd273d
171.253.3.218,,abfd03da
171.28.100.139,443.0,ab1c648b
172.152.104.105,,ac986869
172.185.152.75,443.0,acb9984b
172.93.169.180,443.0,ac5da9b4
173.0.171.144,443.0,ad00ab90
173.101.155.195,,ad659bc3
173.139.115.2,443.0,ad8b7302
173.151.100.53,443.0,ad976435
173.248.200.8,443.0,adf8c808
173.3.43.226,,ad032be2
173.54.205.122,,ad36cd7a
173.96.18.103,443.0,ad601267
174.147.211.5,443.0,ae93d305
174.207.175.26,443.0,aecfaf1a
174.209.189.65,,aed1bd41
174.221.28.62,,aedd1c3e
174.243.114.190,123.0,aef372be
174.67.76.147,443.0,ae434c93
175.102.178.143,,af66b28f
175.216.176.147,,afd8b093
175.40.127.222,,af287fde
175.72.41.109,443.0,af48296d
176.115.112.111,,b073706f
176.183.232.142,,b0b7e88e
176.232.162.119,,b0e8a277
176.67.180.150,,b043b496
176.82.181.226,443.0,b052b5e2
177.13.175.214,,b10dafd6
177.140.45.235,443.0,b18c2deb
177.146.162.102,,b192a266
177.156.194.248,443.0,b19cc2f8
177.173.64.199,443.0,b1ad40c7
177.191.131.127,,b1bf837f
177.250.21.24,,b1fa1518
177.45.195.154,443.0,b12dc39a
177.74.21.199,,b14a15c7
178.106.115.140,,b26a738c
178.146.191.100,443.0,b292bf64
178.155.164.128,,b29ba480
178.155.164.138,,b29ba48a
178.20.148.43,,b214942b
178.22.140.149,443.0,b2168c95
178.247.180.23,,b2f7b417
178.41.163.154,,b229a39a
178.57.130.186,,b23982ba
179.108.108.45,,b36c6c2d
179.111.52.145,,b36f3491
179.143.91.92,443.0,b38f5b5c
179.253.192.13,443.0,b3fdc00d
179.51.133.113,,b3338571
179.90.104.56,,b35a6838
18.164.217.46,443.0,12a4d92e
18.207.134.22,,12cf8616
18.31.63.142,,121f3f8e
18.35.107.145,,12236b91
18.59.185.168,,123bb9a8
18.8.119.131,,12087783
18.96.55.187,,126037bb
180.12.103.180,443.0,b40c67b4
180.16.239.48,443.0,b410ef30
180.223.156.72,,b4df9c48
180.227.242.219,,b4e3f2db
180.23.11.226,,b4170be2
180.27.13.202,,b41b0dca
180.7.177.250,,b407b1fa
180.72.90.221,,b4485add
180.76.175.219,,b44cafdb
181.109.56.163,443.0,b56d38a3
181.133.67.198,443.0,b58543c6
181.172.33.6,80.0,b5ac2106
181.197.206.238,,b5c5ceee
181.232.188.206,,b5e8bcce
181.251.155.175,,b5fb9baf
181.255.219.74,80.0,b5ffdb4a
181.36.117.198,,b52475c6
181.89.70.230,443.0,b55946e6
182.133.47.162,,b6852fa2
182.157.36.99,0.0,b69d2463
182.239.56.178,,b6ef38b2
182.33.209.64,,b621d140
182.5.57.106,,b605396a
182.67.144.199,0.0,b64390c7
183.115.17.5,,b7731105
183.158.248.127,,b79ef87f
183.197.142.55,,b7c58e37
183.70.154.252,,b7469afc
184.139.150.102,443.0,b88b9666
184.149.65.82,443.0,b8954152
184.224.103.41,,b8e06729
185.123.33.12,443.0,b97b210c
185.14.57.187,,b90e39bb
185.152.57.255,,b99839ff
185.184.168.255,,b9b8a8ff
185.191.183.78,42.0,b9bfb74e
185.221.249.37,5223.0,b9ddf925
185.57.123.244,,b9397bf4
185.68.119.251,,b94477fb
185.7.251.237,,b907fbed
186.12.242.91,,ba0cf25b
186.162.34.35,443.0,baa22223
186.184.6.138,,bab8068a
186.213.167.249,,bad5a7f9
186.86.151.227,443.0,ba5697e3
187.189.76.28,,bbbd4c1c
187.228.76.96,443.0,bbe44c60
187.235.140.111,,bbeb8c6f
187.75.204.219,,BB4BCCDB
187.80.6.240,0.0,bb5006f0
188.121.163.253,,bc79a3fd
188.137.253.28,,bc89fd1c
188.14.102.254,,BC0E66FE
188.162.247.17,443.0,bca2f711
188.181.77.190,,bcb54dbe
188.193.188.55,,bcc1bc37
188.223.64.160,,BCDF40A0
188.224.138.188,,bce08abc
189.108.81.152,443.0,bd6c5198
189.11.22.241,,bd0b16f1
189.114.94.8,,bd725e08
189.118.141.6,,bd768d06
189.134.109.48,,bd866d30
189.229.118.133,,bde57685
189.233.180.42,,bde9b42a
189.76.35.186,,bd4c23ba
189.98.178.195,,bd62b2c3
19.106.10.212,,136a0ad4
19.121.111.102,443.0,13796f66
19.146.5.118,,13920576
19.17.16.189,,131110bd
19.230.224.123,,13e6e07b
19.35.66.210,44.0,132342d2
19.86.155.222,,13569bde
190.116.210.15,,be74d20f
190.173.126.146,,bead7e92
190.48.155.34,,be309b22
191.10.169.170,,bf0aa9aa
191.108.152.234,443.0,bf6c98ea
191.172.65.49,443.0,bfac4131
191.231.197.115,,bfe7c573
192.142.49.108,,c08e316c
192.223.35.205,,c0df23cd
192.249.207.12,,c0f9cf0c
193.134.219.73,,c186db49
193.19.100.4,,c1136404
193.201.179.41,,c1c9b329
193.206.189.214,,c1cebdd6
193.253.121.253,42.0,c1fd79fd
193.35.186.32,0.0,c123ba20
194.145.61.246,,c2913df6
194.145.61.250,,c2913dfa
194.148.196.207,,c294c4cf
194.227.140.3,,c2e38c03
194.250.137.198,2.0,c2fa89c6
195.12.6.220,,c30c06dc
195.237.48.105,,c3ed3069
195.38.85.128,443.0,c3265580
195.55.251.166,0.0,c337fba6
196.158.34.251,443.0,c49e22fb
196.195.254.161,,c4c3fea1
196.206.84.80,443.0,c4ce5450
196.209.91.230,,c4d15be6
196.44.128.126,443.0,c42c807e
197.138.203.119,443.0,c58acb77
197.144.190.235,,c590beeb
197.212.219.215,0.0,c5d4dbd7
197.65.15.35,42.0,c5410f23
198.116.152.6,522.0,c6749806
198.144.139.194,,c6908bc2
198.177.56.66,,c6b13842
198.233.10.77,,c6e90a4d
198.255.9.170,,c6ff09aa
198.80.132.122,,c650847a
2.13.23.117,443.0,020d1775
2.167.188.12,42.0,02a7bc0c
2.206.28.157,,02ce1c9d
2.216.232.128,,02d8e880
2.221.88.99,,02dd5863
2.255.233.252,,02ffe9fc
2.36.227.211,,0224e3d3
2.91.153.0,,025b9900
20.102.136.126,,1466887e
20.152.106.36,443.0,14986a24
20.165.155.73,,14a59b49
20.217.146.97,,14d99261
20.244.79.236,,14f44fec
20.33.162.124,,1421a27c
20.38.144.174,,142690ae
200.122.134.195,,c87a86c3
200.13.254.151,5223.0,c80dfe97
200.137.22.138,,c889168a
200.139.158.197,,c88b9ec5
200.200.159.203,,c8c89fcb
200.206.217.112,,c8ced970
200.232.22.141,,c8e8168d
200.56.61.163,,c8383da3
201.112.227.188,,c970e3bc
201.180.233.165,,c9b4e9a5
201.226.28.13,,c9e21c0d
201.27.89.192,,c91b59c0
202.10.149.129,,ca0a9581
202.10.61.180,,ca0a3db4
202.109.103.196,,ca6d67c4
202.123.9.119,,ca7b0977
202.127.102.180,,ca7f66b4
202.185.255.53,,cab9ff35
202.217.99.113,,cad96371
202.23.126.225,,ca177ee1
202.250.204.239,,cafaccef
202.32.182.46,,ca20b62e
202.75.10.252,,ca4b0afc
203.108.73.214,443.0,cb6c49d6
203.112.209.170,443.0,cb70d1aa
203.148.221.88,,cb94dd58
